{
    "dofs": 7,
    "dt": 0.001,
    "gain_a": [
        40.0,
        40.0,
        40.0,
        40.0,
        40.0,
        40.0,
        40.0
    ],
    "gain_b": [
        10.0,
        10.0,
        10.0,
        10.0,
        10.0,
        10.0,
        10.0
    ],
    "goal": [
        -0.0,
	0.14,
	0.6,
	-2.19355,
	-0.0264312,
	2.2,
	1.58

    ],
    "n_basis": 1000,
    "q0": [
        -0.0230514,
        0.109878,
        -0.599321,
        -2.04967,
        0.0717003,
        2.16628,
        0.158027
    ],
    "timespan": 10,
    "type": "discrete",
    "weights_dir": "weights.txt"
}
